{"train": {"bio": [1.0800072146697088, 0.46242465417798573, 0.3834800559792433, 0.34133532347979845, 0.314209066314606, 0.29479345071825896, 0.2802370222671343, 0.26930158825272377, 0.258987349835602, 0.2510431595146656, 0.24437633033439116, 0.23891125493557067, 0.23306920184745444, 0.22719953838433768, 0.22332067878262415, 0.21849134712907914, 0.21566145676649637, 0.21152307204734366, 0.20800567239623619, 0.20521628064615233, 0.2026895130606922, 0.19928190163294743, 0.19659964431513538, 0.19455507818844403, 0.19145553724353645, 0.19003911057973769, 0.18789509754325892, 0.1857281378260604, 0.18380817385004447, 0.1808843011086857, 0.17974860612974242, 0.17832176159094046, 0.1768409850931651, 0.1744974288283973, 0.17352817860339675, 0.1720118594632761, 0.17006145101376213, 0.1685411870345339, 0.16727619337102584, 0.16563802196115657], "act": [2.1714578942135647, 1.2818938496413532, 0.9258412849997077, 0.7430424159980035, 0.6543687837752136, 0.5964762560251329, 0.5561523768748786, 0.5180724478318347, 0.48648604668408363, 0.4631311619100538, 0.4404360271554004, 0.4188035110447992, 0.39822249347763555, 0.38502798105279606, 0.3677292368500619, 0.349234648027902, 0.3353486575756793, 0.32740323032411905, 0.3133601951370905, 0.30290401058254746, 0.291582607781632, 0.28132737335656677, 0.27234425850481064, 0.2615252065531037, 0.25112917337583396, 0.24478106258588062, 0.23724333629398062, 0.22954381335535096, 0.22269191839606375, 0.21326366917288922, 0.21200385039487668, 0.20240418302516142, 0.19648099098373456, 0.18855346705730971, 0.1879611260484199, 0.18163797578581417, 0.17196505961977449, 0.16890991524361107, 0.1700669402610049, 0.16341542761520114]}, "dev": {"bio": [0.49692493754214256, 0.37545264820600377, 0.33153627080650167, 0.3085264218007696, 0.2899067897734971, 0.2783546410501003, 0.2691984536318943, 0.26303105377431574, 0.2551642414824716, 0.24950479330687686, 0.2471850452751949, 0.24417925741651964, 0.24237630875973865, 0.23941286511976143, 0.2397426370659779, 0.2357436378068965, 0.24067162491124253, 0.23529893866386906, 0.23578825104853202, 0.23434260185679484, 0.2304871909577271, 0.2376190267246345, 0.23077997597384042, 0.23476941633070336, 0.2363309420259862, 0.23209824252488284, 0.23183000575879525, 0.23398159013996864, 0.23110892694315005, 0.23755961752914148, 0.23285725385207554, 0.2320228723231061, 0.23319041812471275, 0.2327026298012713, 0.23523183224786973, 0.23400057788039075, 0.2355402074754238, 0.23602042957369623, 0.23835592594896926, 0.23681321374044337], "act": [1.5226640773230586, 1.0440474830824753, 0.7908940143112478, 0.7211000050964027, 0.6345426188460712, 0.6304391005943561, 0.597406909640493, 0.5843605707431662, 0.6020113741015566, 0.57477334610604, 0.5676838258474037, 0.5724409270774702, 0.5640482329602899, 0.5760296850368894, 0.5731057352546988, 0.5950935530508387, 0.6136340917698269, 0.5927492579252556, 0.6510411773262352, 0.6459559599130318, 0.6080901503948302, 0.6733451271108513, 0.6885119670167051, 0.6863550325406009, 0.726552275105797, 0.7001307819937838, 0.6864555120981973, 0.7194295199266796, 0.7028872625067316, 0.7415677920497697, 0.755177821321734, 0.7871148252281649, 0.7680393400891073, 0.8072058743443983, 0.7723396155854751, 0.8414081821924654, 0.8375711432047959, 0.8412485253708116, 0.8247836309260336, 0.8266908878396297]}}