{"train": {"bio": [1.117783835812195, 0.5322353429756723, 0.43873689602221455, 0.380249702145119, 0.34261466626514187, 0.3174936172158063, 0.2972881079961856, 0.28196600044297204, 0.27049356193894203, 0.2610694905826906, 0.25299406680907754, 0.24557745898024994, 0.2403613422569391, 0.23446440327543397, 0.2288295431314288, 0.22446698204589052, 0.22187966594120134, 0.2168901787382794, 0.2133358917828347, 0.21009287896759068, 0.20671367792932838], "act": [2.226326456880784, 1.5421555414795876, 1.0598997376389332, 0.7835294425756008, 0.5830401332528742, 0.49034107909411995, 0.43205934976907195, 0.3921031591121678, 0.36303340151134106, 0.338316648653163, 0.31541487405093405, 0.2954862950755669, 0.2777840395642629, 0.2666240751130825, 0.24749095658436082, 0.23730036448099995, 0.22770108499455158, 0.21090466252670767, 0.20390035105063706, 0.1962294154297057, 0.1843999596564351]}, "dev": {"bio": [0.592915172463861, 0.43220880422098884, 0.3685769876786347, 0.3259360932841383, 0.3054673622908263, 0.28709195130344095, 0.27469062856559096, 0.26879807728631744, 0.2637577634947053, 0.25634587915806933, 0.2493472198859371, 0.24677780392611848, 0.24777083754025656, 0.24418187128572627, 0.24211933348199416, 0.24299903971881703, 0.2409137469427339, 0.23860954197830167, 0.23562302706955834, 0.2408724220405365, 0.23981648195406485], "act": [1.991959639664354, 1.1654379568223296, 0.8608107523157679, 0.6082989145712606, 0.5322633011844652, 0.46144067958511154, 0.43053732112306975, 0.41347013709360153, 0.42595786537075864, 0.4063818717439627, 0.38950349626548847, 0.4084199933206727, 0.4438112435926651, 0.41148594702626096, 0.4134294118346839, 0.4262086887169501, 0.42108345699721367, 0.41775828585478253, 0.4420247733079154, 0.4534236003227275, 0.4585480848006133]}}